{
  "imu_left": {
    "acc_bias": [
      -0.00011803845463097601,
      0.025464375922949988,
      -0.10513795596801231
    ],
    "gyro_bias": [
      -0.0016205367473284915,
      -0.0008954179626593712,
      -0.00036847671944964755
    ],
    "acc_cov": [
      [
        0.004187133822401022,
        -0.0003108411524052276,
        -0.0002484987999899857
      ],
      [
        -0.0003108411524052276,
        0.0016823174614821177,
        0.0002915864918604002
      ],
      [
        -0.0002484987999899857,
        0.0002915864918604002,
        0.002814275103655889
      ]
    ],
    "gyro_cov": [
      [
        7.695355692588413e-05,
        -1.8473460727579546e-05,
        2.5814609790876664e-06
      ],
      [
        -1.8473460727579546e-05,
        4.6611880270348656e-05,
        1.6133139116134029e-06
      ],
      [
        2.5814609790876664e-06,
        1.6133139116134029e-06,
        0.0001357913506325913
      ]
    ]
  },
  "imu_right": {
    "acc_bias": [
      0.24108227320141523,
      0.0037517497186481848,
      -0.2494979902873878
    ],
    "gyro_bias": [
      -0.002576950042346723,
      0.002368925555965559,
      0.0013251009332176675
    ],
    "acc_cov": [
      [
        0.0026544317805003164,
        -0.0001116262192835884,
        5.7195312698279715e-05
      ],
      [
        -0.0001116262192835884,
        0.0019006333615766459,
        -5.564033350055892e-05
      ],
      [
        5.7195312698279715e-05,
        -5.564033350055892e-05,
        0.0025147400058692627
      ]
    ],
    "gyro_cov": [
      [
        8.18863793856716e-05,
        -1.381805356686037e-05,
        1.5135606962545477e-05
      ],
      [
        -1.381805356686037e-05,
        9.343424692620783e-05,
        4.758797204031828e-05
      ],
      [
        1.5135606962545477e-05,
        4.758797204031828e-05,
        0.00010604491746901968
      ]
    ]
  },
  "imu_vectornav": {
    "acc_bias": [
      -0.016364084749230633,
      -0.06444032476668914,
      -0.21529470654675847
    ],
    "gyro_bias": [
      -0.014266655813188957,
      0.004268654104711957,
      -0.0006680355536787688
    ],
    "acc_cov": [
      [
        0.0024148504142256525,
        -8.236457172781041e-05,
        -0.00042956783193811855
      ],
      [
        -8.236457172781041e-05,
        0.003082614622902337,
        -6.380660565748264e-05
      ],
      [
        -0.00042956783193811855,
        -6.380660565748264e-05,
        0.0018812351337064868
      ]
    ],
    "gyro_cov": [
      [
        0.00013084363905922574,
        -1.4767987010121164e-05,
        -3.0438396568593223e-05
      ],
      [
        -1.4767987010121164e-05,
        8.74345133337896e-05,
        -1.0768028527194564e-05
      ],
      [
        -3.0438396568593223e-05,
        -1.0768028527194564e-05,
        5.374312737940127e-05
      ]
    ]
  }
}